{
    "users":
    {
        "user1": 
        {
            "id": 1,
            "name": "Ваня Денисов",
            "avatar_icon": "avatar_photo_current_user.png",
            "posts":
            {
                "post1": 
                {
                    "text":"Так красиво сегодня на улице! Настоящая зима)) Вспоминается Бродский: «Поздно ночью, в уснувшей долине, на самом дне, в городке, занесенном снегом по ручку двери...»",
                    "img1": "post_photo_current_user.png",
                    "likes": 203,
                    "publication_time": "1733961600"
                }
            }
        },
        "user2": 
        {
            "id": 2,
            "name": "Лиза Дёмина",
            "avatar_icon": "avatar_photo_next_user.png",
            "posts":
            {
                "post1":
                {
                    "text": "",
                    "img1": "post_photo_next_user.png",
                    "likes": 0,
                    "publication_time": "1734961600"
                }
            }
        }
    }
}